{"cameraMode":{"drawMode":1,"name":"Wireframe","section":"Shading Mode"},"sceneLighting":false,"audioPlay":false,"sceneViewState":{"showFog":true,"showMaterialUpdate":false,"showSkybox":false,"showFlares":true,"showImageEffects":true,"showParticleSystems":true},"in2DMode":false,"pivot":{"x":0.028173118829727174,"y":0.5115967392921448,"z":-0.140835240483284},"rotation":{"x":0.007931720465421677,"y":-0.9898111820220947,"z":0.06125950068235397,"w":0.12837250530719758},"size":3.3895351886749269,"orthographic":false}