{"cameraMode":{"drawMode":1,"name":"Wireframe","section":"Shading Mode"},"sceneLighting":false,"audioPlay":false,"sceneViewState":{"showFog":true,"showMaterialUpdate":false,"showSkybox":false,"showFlares":true,"showImageEffects":true,"showParticleSystems":true},"in2DMode":false,"pivot":{"x":0.2718898355960846,"y":-0.7894198894500732,"z":-2.452967882156372},"rotation":{"x":-0.023968517780303956,"y":-0.9059058427810669,"z":0.419651061296463,"w":-0.0517117865383625},"size":6.089536190032959,"orthographic":false}