{"cameraMode":{"drawMode":0,"name":"Shaded","section":"Shading Mode"},"sceneLighting":true,"audioPlay":false,"sceneViewState":{"showFog":true,"showMaterialUpdate":false,"showSkybox":true,"showFlares":true,"showImageEffects":true,"showParticleSystems":true},"in2DMode":false,"pivot":{"x":11.51028823852539,"y":1.0329999923706055,"z":-1.6544418334960938},"rotation":{"x":0.06147005781531334,"y":-0.938454806804657,"z":0.24644823372364045,"w":0.23411297798156739},"size":4.893820762634277,"orthographic":false}